Crash_ID,Weather
17492075,1 - CLEAR
17492088,2 - CLOUDY
17492094,1 - CLEAR
17534475,1 - CLEAR
17493732,1 - CLEAR
17493750,1 - CLEAR
17497338,1 - CLEAR
17497341,1 - CLEAR
17500442,1 - CLEAR
17553388,1 - CLEAR
17497345,1 - CLEAR
17497347,1 - CLEAR
17497349,1 - CLEAR
17497427,1 - CLEAR
17497438,1 - CLEAR
17514287,1 - CLEAR
17497443,2 - CLOUDY
17497701,1 - CLEAR
17497702,1 - CLEAR
17500199,1 - CLEAR
17502056,1 - CLEAR
17503844,1 - CLEAR
17503848,1 - CLEAR
17509827,1 - CLEAR
17509833,1 - CLEAR
17510581,1 - CLEAR
17510778,1 - CLEAR
17510780,1 - CLEAR
17510901,1 - CLEAR
17510911,1 - CLEAR
17510916,1 - CLEAR
17510918,1 - CLEAR
17510921,1 - CLEAR
17511022,1 - CLEAR
17511026,1 - CLEAR
17542641,2 - CLOUDY
17514379,1 - CLEAR
17514390,1 - CLEAR
17516845,1 - CLEAR
17524136,1 - CLEAR
17516846,2 - CLOUDY
17516847,1 - CLEAR
17518061,1 - CLEAR
17518065,3 - RAIN
17518118,3 - RAIN
17518120,3 - RAIN
17518579,3 - RAIN
17524167,3 - RAIN
17524181,2 - CLOUDY
17524224,1 - CLEAR
17524227,3 - RAIN
17524228,2 - CLOUDY
17524237,1 - CLEAR
17576595,2 - CLOUDY
17524425,1 - CLEAR
17524426,1 - CLEAR
17526081,1 - CLEAR
17530634,2 - CLOUDY
17541194,1 - CLEAR
17524440,1 - CLEAR
17524462,1 - CLEAR
17526200,3 - RAIN
17526202,3 - RAIN
17528715,1 - CLEAR
17528735,6 - FOG
17530772,1 - CLEAR
17534506,1 - CLEAR
17630038,2 - CLOUDY
18075472,2 - CLOUDY
17534507,1 - CLEAR
17534529,1 - CLEAR
17534594,1 - CLEAR
17534615,1 - CLEAR
17534618,1 - CLEAR
17541198,1 - CLEAR
17573188,1 - CLEAR
17882547,1 - CLEAR
17534621,1 - CLEAR
17534715,1 - CLEAR
17534720,3 - RAIN
17534723,3 - RAIN
17534739,1 - CLEAR
17534741,1 - CLEAR
17534743,2 - CLOUDY
17534867,3 - RAIN
17534965,1 - CLEAR
17534967,1 - CLEAR
17534969,1 - CLEAR
17534971,1 - CLEAR
17534974,1 - CLEAR
17534983,1 - CLEAR
17538904,1 - CLEAR
17539001,1 - CLEAR
17539004,1 - CLEAR
17539012,3 - RAIN
17541206,1 - CLEAR
17539182,1 - CLEAR
17542678,1 - CLEAR
17542681,1 - CLEAR
17542682,1 - CLEAR
17542683,1 - CLEAR
17542684,1 - CLEAR
17546204,1 - CLEAR
17546220,1 - CLEAR
17546565,1 - CLEAR
17546421,1 - CLEAR
17547464,1 - CLEAR
17546482,1 - CLEAR
17546485,1 - CLEAR
17546587,1 - CLEAR
17546589,1 - CLEAR
17975578,2 - CLOUDY
17548561,1 - CLEAR
17548567,1 - CLEAR
17552568,1 - CLEAR
17548653,1 - CLEAR
17550479,3 - RAIN
17550480,3 - RAIN
17554464,2 - CLOUDY
17590327,1 - CLEAR
17552595,1 - CLEAR
17552597,2 - CLOUDY
17554490,2 - CLOUDY
17554499,1 - CLEAR
17554577,1 - CLEAR
17579476,1 - CLEAR
17559021,1 - CLEAR
17559022,1 - CLEAR
17559222,1 - CLEAR
17559230,1 - CLEAR
17559253,1 - CLEAR
17559540,2 - CLOUDY
17559544,1 - CLEAR
17559548,1 - CLEAR
17559552,1 - CLEAR
17559645,1 - CLEAR
17559646,3 - RAIN
17559653,2 - CLOUDY
17561059,1 - CLEAR
17567034,1 - CLEAR
17559702,3 - RAIN
17561099,2 - CLOUDY
17567036,1 - CLEAR
17583576,3 - RAIN
17567047,1 - CLEAR
17567050,1 - CLEAR
17567052,1 - CLEAR
17573346,1 - CLEAR
17577171,2 - CLOUDY
17609403,1 - CLEAR
17567054,1 - CLEAR
17567060,1 - CLEAR
17573470,1 - CLEAR
17610795,1 - CLEAR
17569437,2 - CLOUDY
17573562,1 - CLEAR
17573564,1 - CLEAR
17573565,1 - CLEAR
17573568,1 - CLEAR
17573570,1 - CLEAR
17573582,2 - CLOUDY
17573663,1 - CLEAR
17588732,1 - CLEAR
17611815,1 - CLEAR
17656255,1 - CLEAR
17678867,1 - CLEAR
17573674,1 - CLEAR
17573675,1 - CLEAR
17573685,1 - CLEAR
17573687,1 - CLEAR
17573692,1 - CLEAR
17579481,2 - CLOUDY
17597430,1 - CLEAR
17611816,1 - CLEAR
17846590,1 - CLEAR
17573791,6 - FOG
17575538,1 - CLEAR
17579483,1 - CLEAR
17574619,3 - RAIN
17575628,3 - RAIN
17577509,2 - CLOUDY
17579489,2 - CLOUDY
17577603,3 - RAIN
17579567,1 - CLEAR
17579574,1 - CLEAR
17583660,1 - CLEAR
17654974,1 - CLEAR
17583670,1 - CLEAR
17583752,1 - CLEAR
17583757,1 - CLEAR
17583758,1 - CLEAR
17583761,1 - CLEAR
17592627,1 - CLEAR
17597434,1 - CLEAR
17611817,1 - CLEAR
18004589,1 - CLEAR
17583762,1 - CLEAR
17583768,2 - CLOUDY
17583834,2 - CLOUDY
17583838,1 - CLEAR
17583847,1 - CLEAR
17583853,1 - CLEAR
17583855,1 - CLEAR
17583856,3 - RAIN
17588288,1 - CLEAR
17590343,1 - CLEAR
17867267,1 - CLEAR
17590415,1 - CLEAR
17592480,1 - CLEAR
17592527,1 - CLEAR
17597542,1 - CLEAR
17814495,1 - CLEAR
17597583,1 - CLEAR
17597589,1 - CLEAR
17597594,1 - CLEAR
17597595,1 - CLEAR
17597599,1 - CLEAR
17597679,1 - CLEAR
17597682,1 - CLEAR
17597686,1 - CLEAR
17597694,1 - CLEAR
17602934,1 - CLEAR
17597695,1 - CLEAR
17597697,1 - CLEAR
17597781,1 - CLEAR
17597788,1 - CLEAR
17597790,1 - CLEAR
17597844,1 - CLEAR
17597845,1 - CLEAR
17600698,1 - CLEAR
17600773,2 - CLOUDY
17600705,2 - CLOUDY
17600776,1 - CLEAR
17602941,1 - CLEAR
17646874,1 - CLEAR
17639893,1 - CLEAR
17603034,1 - CLEAR
17605202,1 - CLEAR
17605207,1 - CLEAR
17605209,1 - CLEAR
17609432,1 - CLEAR
17609434,1 - CLEAR
17609561,1 - CLEAR
17609634,1 - CLEAR
17609437,1 - CLEAR
17609636,1 - CLEAR
17609637,1 - CLEAR
17609638,1 - CLEAR
17609639,1 - CLEAR
17609648,1 - CLEAR
17609725,1 - CLEAR
17609749,1 - CLEAR
17621885,1 - CLEAR
17609759,1 - CLEAR
17609762,1 - CLEAR
17609763,1 - CLEAR
17609764,2 - CLOUDY
17609826,1 - CLEAR
17609848,1 - CLEAR
17609849,1 - CLEAR
17611825,1 - CLEAR
17611828,1 - CLEAR
17611837,1 - CLEAR
18050050,1 - CLEAR
17609853,1 - CLEAR
17611939,2 - CLOUDY
17611950,2 - CLOUDY
17612005,1 - CLEAR
17612006,1 - CLEAR
17614393,99 - UNKNOWN
17615830,1 - CLEAR
17615855,1 - CLEAR
17615899,1 - CLEAR
17646795,1 - CLEAR
17615857,1 - CLEAR
17615860,1 - CLEAR
17630042,1 - CLEAR
17622092,1 - CLEAR
17622093,2 - CLOUDY
17622196,1 - CLEAR
17622197,1 - CLEAR
17634138,1 - CLEAR
17622207,1 - CLEAR
17622263,1 - CLEAR
17622265,1 - CLEAR
17622266,2 - CLOUDY
17630045,1 - CLEAR
17622316,2 - CLOUDY
17622344,1 - CLEAR
17622346,2 - CLOUDY
17624371,1 - CLEAR
17622348,2 - CLOUDY
17622349,2 - CLOUDY
17624374,2 - CLOUDY
17648640,2 - CLOUDY
17624410,2 - CLOUDY
17624618,1 - CLEAR
17626351,1 - CLEAR
17637273,1 - CLEAR
17630064,1 - CLEAR
17630070,1 - CLEAR
17990322,1 - CLEAR
17634189,1 - CLEAR
17634246,3 - RAIN
17634252,3 - RAIN
17634256,3 - RAIN
17635577,2 - CLOUDY
17635589,2 - CLOUDY
17635597,1 - CLEAR
17637289,1 - CLEAR
17637299,1 - CLEAR
17651569,1 - CLEAR
17638645,1 - CLEAR
17639144,1 - CLEAR
17639741,1 - CLEAR
17644602,1 - CLEAR
17644643,1 - CLEAR
17644665,1 - CLEAR
17652599,1 - CLEAR
17644666,1 - CLEAR
17644667,1 - CLEAR
17644707,1 - CLEAR
17644765,2 - CLOUDY
17644790,1 - CLEAR
17645708,1 - CLEAR
17654975,1 - CLEAR
17645716,1 - CLEAR
17645748,1 - CLEAR
17646825,1 - CLEAR
17646847,2 - CLOUDY
17884795,1 - CLEAR
17648707,3 - RAIN
17648778,1 - CLEAR
17648781,1 - CLEAR
17648782,1 - CLEAR
17651026,1 - CLEAR
17651039,1 - CLEAR
17652144,1 - CLEAR
17652146,1 - CLEAR
17655009,1 - CLEAR
17655011,1 - CLEAR
17655085,1 - CLEAR
17655086,1 - CLEAR
17655087,2 - CLOUDY
17656260,2 - CLOUDY
17655092,1 - CLEAR
17655098,1 - CLEAR
17656269,1 - CLEAR
17656270,1 - CLEAR
17658493,1 - CLEAR
17658498,1 - CLEAR
17658499,1 - CLEAR
17658500,1 - CLEAR
17659587,1 - CLEAR
17659592,1 - CLEAR
17665262,1 - CLEAR
17659596,1 - CLEAR
17660655,2 - CLOUDY
17660659,1 - CLEAR
17664376,1 - CLEAR
17668520,2 - CLOUDY
17660673,3 - RAIN
17665263,3 - RAIN
17668522,2 - CLOUDY
17668524,1 - CLEAR
17912220,6 - FOG
17661230,1 - CLEAR
17806939,1 - CLEAR
17846591,1 - CLEAR
17664392,1 - CLEAR
17666069,1 - CLEAR
17666084,1 - CLEAR
17668637,1 - CLEAR
17668638,1 - CLEAR
17668657,1 - CLEAR
17668710,1 - CLEAR
17668720,1 - CLEAR
17672722,3 - RAIN
17672733,1 - CLEAR
17673972,1 - CLEAR
17674018,1 - CLEAR
17676700,1 - CLEAR
17676703,1 - CLEAR
17676720,1 - CLEAR
17676736,1 - CLEAR
17677505,1 - CLEAR
17676809,1 - CLEAR
17678210,2 - CLOUDY
17681330,1 - CLEAR
17681332,1 - CLEAR
17682480,1 - CLEAR
17682483,1 - CLEAR
17685244,1 - CLEAR
17685247,1 - CLEAR
17685483,1 - CLEAR
17685490,1 - CLEAR
17685492,1 - CLEAR
17685493,1 - CLEAR
17686781,1 - CLEAR
17685496,1 - CLEAR
17685497,1 - CLEAR
17686782,1 - CLEAR
17686783,1 - CLEAR
17699358,1 - CLEAR
17714997,1 - CLEAR
17783378,1 - CLEAR
17688340,1 - CLEAR
17689717,2 - CLOUDY
17689743,1 - CLEAR
17689747,1 - CLEAR
17689749,1 - CLEAR
17693396,2 - CLOUDY
17698613,1 - CLEAR
17696375,3 - RAIN
17801435,2 - CLOUDY
17693406,1 - CLEAR
17698617,1 - CLEAR
17720472,3 - RAIN
17694390,1 - CLEAR
17694393,2 - CLOUDY
17698619,1 - CLEAR
17859943,1 - CLEAR
17986099,1 - CLEAR
17691256,1 - CLEAR
17696380,1 - CLEAR
17696382,1 - CLEAR
17690857,1 - CLEAR
17694424,2 - CLOUDY
17698947,1 - CLEAR
17715017,1 - CLEAR
17722897,1 - CLEAR
17690862,1 - CLEAR
17693680,1 - CLEAR
17703596,1 - CLEAR
17704947,1 - CLEAR
17715022,1 - CLEAR
17718572,2 - CLOUDY
17730596,1 - CLEAR
17862284,1 - CLEAR
17698949,3 - RAIN
17702137,1 - CLEAR
17702138,1 - CLEAR
17715025,3 - RAIN
17718576,3 - RAIN
17722900,1 - CLEAR
17722901,1 - CLEAR
17871594,2 - CLOUDY
17690868,1 - CLEAR
17693683,1 - CLEAR
17690870,3 - RAIN
17695014,1 - CLEAR
17718583,1 - CLEAR
17695015,1 - CLEAR
17695019,1 - CLEAR
17696397,1 - CLEAR
17698979,2 - CLOUDY
17706369,1 - CLEAR
17698989,1 - CLEAR
17702334,1 - CLEAR
17702335,1 - CLEAR
17702336,1 - CLEAR
17715421,1 - CLEAR
17786802,1 - CLEAR
17862285,1 - CLEAR
17702360,1 - CLEAR
17704964,3 - RAIN
17711360,1 - CLEAR
17751409,1 - CLEAR
17783381,1 - CLEAR
17703604,2 - CLOUDY
17704967,1 - CLEAR
17704969,1 - CLEAR
17715424,1 - CLEAR
17707955,1 - CLEAR
17707967,1 - CLEAR
17707974,1 - CLEAR
17709794,1 - CLEAR
17718588,1 - CLEAR
17709796,1 - CLEAR
17710357,1 - CLEAR
17715585,1 - CLEAR
17718589,1 - CLEAR
17715594,1 - CLEAR
17715656,1 - CLEAR
17715669,1 - CLEAR
17715670,1 - CLEAR
17776636,1 - CLEAR
17895523,2 - CLOUDY
17715676,1 - CLEAR
17715712,1 - CLEAR
17718656,1 - CLEAR
17718659,2 - CLOUDY
17718727,1 - CLEAR
17720503,1 - CLEAR
17720507,1 - CLEAR
17764648,1 - CLEAR
17906634,1 - CLEAR
17722929,1 - CLEAR
17726650,1 - CLEAR
17726659,1 - CLEAR
17726733,1 - CLEAR
17726734,1 - CLEAR
17726737,1 - CLEAR
17726738,1 - CLEAR
17726767,1 - CLEAR
17726770,1 - CLEAR
17726816,1 - CLEAR
17727382,1 - CLEAR
17726817,1 - CLEAR
17726818,1 - CLEAR
17727386,1 - CLEAR
17734066,1 - CLEAR
17797372,1 - CLEAR
17730598,1 - CLEAR
17730629,1 - CLEAR
17734067,1 - CLEAR
17859953,1 - CLEAR
17732368,2 - CLOUDY
17748185,1 - CLEAR
17803451,1 - CLEAR
17737404,1 - CLEAR
17737407,1 - CLEAR
17737426,1 - CLEAR
17737448,1 - CLEAR
17737541,1 - CLEAR
17737547,1 - CLEAR
17760241,1 - CLEAR
17767665,1 - CLEAR
17737550,1 - CLEAR
17737581,1 - CLEAR
17737646,1 - CLEAR
17746331,1 - CLEAR
17737648,1 - CLEAR
17737650,3 - RAIN
17748189,1 - CLEAR
17743887,1 - CLEAR
17743888,1 - CLEAR
17744951,1 - CLEAR
17765276,1 - CLEAR
17748209,1 - CLEAR
17748210,1 - CLEAR
17884796,1 - CLEAR
17748076,1 - CLEAR
17748211,1 - CLEAR
17748334,1 - CLEAR
17748337,1 - CLEAR
17748340,2 - CLOUDY
17748380,3 - RAIN
17771247,3 - RAIN
17750197,1 - CLEAR
17757236,1 - CLEAR
17760069,1 - CLEAR
17753755,1 - CLEAR
17757243,1 - CLEAR
17753757,1 - CLEAR
17753759,1 - CLEAR
17757400,1 - CLEAR
17760192,1 - CLEAR
17763994,1 - CLEAR
17757454,1 - CLEAR
17757537,1 - CLEAR
17757541,1 - CLEAR
17759517,1 - CLEAR
17854896,1 - CLEAR
17763094,1 - CLEAR
17767670,2 - CLOUDY
17767679,1 - CLEAR
17767694,1 - CLEAR
17767698,1 - CLEAR
17767752,1 - CLEAR
17767753,1 - CLEAR
17772766,1 - CLEAR
17767761,1 - CLEAR
17767770,1 - CLEAR
17767850,1 - CLEAR
17767852,1 - CLEAR
17971321,1 - CLEAR
17767854,1 - CLEAR
17767887,1 - CLEAR
17774042,1 - CLEAR
17801436,1 - CLEAR
17820101,1 - CLEAR
17769433,1 - CLEAR
17771259,1 - CLEAR
17772718,1 - CLEAR
17774132,1 - CLEAR
17776692,1 - CLEAR
17776699,1 - CLEAR
17783398,1 - CLEAR
17793730,1 - CLEAR
17777110,1 - CLEAR
17777116,1 - CLEAR
17777118,1 - CLEAR
17777153,1 - CLEAR
17779004,1 - CLEAR
17986106,1 - CLEAR
17780519,1 - CLEAR
17782051,2 - CLOUDY
17780526,1 - CLEAR
17782063,1 - CLEAR
17782070,1 - CLEAR
17783411,1 - CLEAR
17783489,1 - CLEAR
17783491,1 - CLEAR
17786852,1 - CLEAR
17786857,2 - CLOUDY
17807216,1 - CLEAR
17787054,2 - CLOUDY
17787057,1 - CLEAR
17787107,1 - CLEAR
17787119,1 - CLEAR
17787120,1 - CLEAR
17787122,1 - CLEAR
17787176,1 - CLEAR
17787131,1 - CLEAR
17790637,1 - CLEAR
17788787,1 - CLEAR
17798065,1 - CLEAR
17793787,2 - CLOUDY
17797396,1 - CLEAR
17798303,1 - CLEAR
17799175,2 - CLOUDY
17799190,1 - CLEAR
17801454,1 - CLEAR
17803609,1 - CLEAR
17804137,1 - CLEAR
17806984,1 - CLEAR
17815087,1 - CLEAR
17823305,1 - CLEAR
17828023,2 - CLOUDY
17799195,1 - CLEAR
17799199,1 - CLEAR
17804149,1 - CLEAR
17806992,2 - CLOUDY
17801473,1 - CLEAR
17801840,1 - CLEAR
17801841,1 - CLEAR
17801842,1 - CLEAR
17802778,1 - CLEAR
17804152,1 - CLEAR
17802792,1 - CLEAR
17804177,1 - CLEAR
17807124,1 - CLEAR
17809467,1 - CLEAR
17804179,1 - CLEAR
17835043,1 - CLEAR
17807260,1 - CLEAR
17807262,1 - CLEAR
17807267,1 - CLEAR
17835044,1 - CLEAR
17807317,1 - CLEAR
17807322,1 - CLEAR
17807346,1 - CLEAR
17807353,1 - CLEAR
17809492,1 - CLEAR
17811430,1 - CLEAR
17811448,1 - CLEAR
17811449,1 - CLEAR
17814498,1 - CLEAR
17811458,1 - CLEAR
17811492,1 - CLEAR
17813016,1 - CLEAR
17813025,1 - CLEAR
17814500,1 - CLEAR
17824724,1 - CLEAR
17850115,2 - CLOUDY
17934879,1 - CLEAR
17814519,1 - CLEAR
17817645,1 - CLEAR
17821856,1 - CLEAR
17817656,1 - CLEAR
17817780,1 - CLEAR
17817783,1 - CLEAR
17817784,1 - CLEAR
17835052,1 - CLEAR
17935015,1 - CLEAR
17817872,1 - CLEAR
17835055,1 - CLEAR
17829253,2 - CLOUDY
17821195,1 - CLEAR
17821876,1 - CLEAR
17821880,1 - CLEAR
17823318,1 - CLEAR
17824749,1 - CLEAR
17835213,1 - CLEAR
17824765,1 - CLEAR
17828057,1 - CLEAR
17828059,1 - CLEAR
17828062,1 - CLEAR
17828152,1 - CLEAR
17835739,1 - CLEAR
17829566,1 - CLEAR
17835066,1 - CLEAR
17835741,1 - CLEAR
17839138,1 - CLEAR
17856873,2 - CLOUDY
17829569,1 - CLEAR
17835074,1 - CLEAR
17835076,1 - CLEAR
17854900,1 - CLEAR
17829572,1 - CLEAR
17838054,1 - CLEAR
17830458,1 - CLEAR
17831182,1 - CLEAR
17833737,1 - CLEAR
17833759,1 - CLEAR
17835080,1 - CLEAR
17834303,1 - CLEAR
17835121,1 - CLEAR
17845740,1 - CLEAR
17835128,1 - CLEAR
17838184,1 - CLEAR
17838205,1 - CLEAR
17838211,1 - CLEAR
17838216,1 - CLEAR
17844826,1 - CLEAR
17838217,1 - CLEAR
17838220,1 - CLEAR
17838356,1 - CLEAR
17838362,1 - CLEAR
17852651,1 - CLEAR
17838481,1 - CLEAR
17838484,1 - CLEAR
17838487,1 - CLEAR
17838499,1 - CLEAR
17838514,1 - CLEAR
17838572,1 - CLEAR
17843161,2 - CLOUDY
17856877,1 - CLEAR
17867454,1 - CLEAR
17873091,1 - CLEAR
17838576,1 - CLEAR
17838577,1 - CLEAR
17850160,1 - CLEAR
17840649,1 - CLEAR
17844302,3 - RAIN
17844303,99 - UNKNOWN
17845836,3 - RAIN
17850488,2 - CLOUDY
17856937,1 - CLEAR
17860022,1 - CLEAR
17850497,1 - CLEAR
17850498,1 - CLEAR
17850522,2 - CLOUDY
17850782,1 - CLEAR
17850789,1 - CLEAR
17850790,2 - CLOUDY
17850814,1 - CLEAR
17851678,1 - CLEAR
17856950,2 - CLOUDY
17851696,1 - CLEAR
17851946,1 - CLEAR
17989974,1 - CLEAR
17852742,2 - CLOUDY
17856957,2 - CLOUDY
17860098,1 - CLEAR
17860107,1 - CLEAR
17869499,1 - CLEAR
17881816,1 - CLEAR
17860109,1 - CLEAR
17860111,1 - CLEAR
17860165,1 - CLEAR
17860166,1 - CLEAR
17860182,1 - CLEAR
17860185,1 - CLEAR
17860186,1 - CLEAR
17860189,1 - CLEAR
17860191,1 - CLEAR
17878871,1 - CLEAR
17937052,1 - CLEAR
17860263,1 - CLEAR
17878874,1 - CLEAR
17901593,1 - CLEAR
17860692,1 - CLEAR
17864012,1 - CLEAR
17866001,1 - CLEAR
17866002,1 - CLEAR
17864736,2 - CLOUDY
17866013,1 - CLEAR
17867193,1 - CLEAR
17868734,1 - CLEAR
17870556,1 - CLEAR
17870563,1 - CLEAR
17870564,1 - CLEAR
17886497,1 - CLEAR
17870586,1 - CLEAR
17870596,1 - CLEAR
17898124,1 - CLEAR
17870782,1 - CLEAR
17870960,1 - CLEAR
17871869,3 - RAIN
17875138,3 - RAIN
17881820,2 - CLOUDY
17881822,2 - CLOUDY
17937065,1 - CLEAR
17870976,1 - CLEAR
17885928,3 - RAIN
17875141,2 - CLOUDY
17875150,2 - CLOUDY
17875152,1 - CLEAR
17875228,2 - CLOUDY
17876589,1 - CLEAR
17876590,1 - CLEAR
17876592,1 - CLEAR
17876664,1 - CLEAR
17878973,1 - CLEAR
17881825,1 - CLEAR
17881926,1 - CLEAR
17881937,1 - CLEAR
17881941,1 - CLEAR
17881942,1 - CLEAR
17882040,1 - CLEAR
17948380,1 - CLEAR
17992918,1 - CLEAR
17882042,1 - CLEAR
17882121,2 - CLOUDY
17882154,1 - CLEAR
17885984,1 - CLEAR
17882170,1 - CLEAR
17883905,1 - CLEAR
17887736,1 - CLEAR
17898128,1 - CLEAR
17884020,1 - CLEAR
17885999,1 - CLEAR
17886000,1 - CLEAR
17887737,1 - CLEAR
17886008,1 - CLEAR
17887785,1 - CLEAR
17992457,1 - CLEAR
17887792,1 - CLEAR
17888540,1 - CLEAR
17889540,1 - CLEAR
17889601,1 - CLEAR
17889606,1 - CLEAR
17893241,1 - CLEAR
17912224,1 - CLEAR
17893418,1 - CLEAR
17893458,1 - CLEAR
17893462,1 - CLEAR
17912225,1 - CLEAR
17893598,1 - CLEAR
17893599,1 - CLEAR
17893600,1 - CLEAR
17893601,1 - CLEAR
17893630,1 - CLEAR
17893796,1 - CLEAR
17898212,1 - CLEAR
17910506,1 - CLEAR
17900926,1 - CLEAR
17905053,1 - CLEAR
17905058,1 - CLEAR
17915967,2 - CLOUDY
17905070,1 - CLEAR
17905073,1 - CLEAR
17905075,1 - CLEAR
17905220,1 - CLEAR
17906732,1 - CLEAR
17915968,2 - CLOUDY
17920336,1 - CLEAR
17905232,1 - CLEAR
17905314,1 - CLEAR
17906735,1 - CLEAR
17906746,1 - CLEAR
17906751,1 - CLEAR
17906817,1 - CLEAR
17976204,1 - CLEAR
17998048,1 - CLEAR
17905319,1 - CLEAR
17905320,1 - CLEAR
17916165,1 - CLEAR
17918188,1 - CLEAR
17908726,1 - CLEAR
17910518,1 - CLEAR
17920338,1 - CLEAR
17912304,1 - CLEAR
17916323,1 - CLEAR
17916327,1 - CLEAR
17918191,1 - CLEAR
17916328,1 - CLEAR
17916331,1 - CLEAR
17916607,1 - CLEAR
17916620,1 - CLEAR
17916622,1 - CLEAR
17918192,1 - CLEAR
17938640,1 - CLEAR
17916632,1 - CLEAR
17916635,1 - CLEAR
17916636,1 - CLEAR
17916720,1 - CLEAR
17916723,1 - CLEAR
17916726,1 - CLEAR
17932385,1 - CLEAR
17916836,1 - CLEAR
17918275,1 - CLEAR
17918277,1 - CLEAR
17922573,2 - CLOUDY
17920349,1 - CLEAR
17922005,1 - CLEAR
17933867,2 - CLOUDY
17935017,1 - CLEAR
18010959,1 - CLEAR
17940590,1 - CLEAR
17922066,1 - CLEAR
17928447,2 - CLOUDY
17928451,2 - CLOUDY
17928452,1 - CLEAR
17928512,1 - CLEAR
17936568,1 - CLEAR
17928513,1 - CLEAR
17928515,1 - CLEAR
17928526,1 - CLEAR
17928591,1 - CLEAR
17928675,1 - CLEAR
17928680,1 - CLEAR
17928683,1 - CLEAR
17930424,1 - CLEAR
17930425,1 - CLEAR
17932411,1 - CLEAR
17928688,3 - RAIN
17930427,1 - CLEAR
17930444,3 - RAIN
17932421,3 - RAIN
17940600,2 - CLOUDY
17932423,3 - RAIN
17935137,1 - CLEAR
17947440,3 - RAIN
17935146,1 - CLEAR
17936635,1 - CLEAR
17936652,1 - CLEAR
17936653,1 - CLEAR
17936654,1 - CLEAR
17940601,1 - CLEAR
17941609,1 - CLEAR
17941611,1 - CLEAR
17942787,1 - CLEAR
17941618,1 - CLEAR
17941620,1 - CLEAR
17941622,1 - CLEAR
17941975,1 - CLEAR
17942115,1 - CLEAR
17952460,1 - CLEAR
18004592,1 - CLEAR
17942119,1 - CLEAR
17942172,1 - CLEAR
17942174,1 - CLEAR
17942177,1 - CLEAR
17942178,1 - CLEAR
17952461,1 - CLEAR
18005704,1 - CLEAR
18010960,1 - CLEAR
18064616,1 - CLEAR
17942180,1 - CLEAR
18021173,1 - CLEAR
17942800,1 - CLEAR
17946469,2 - CLOUDY
17947453,1 - CLEAR
17946476,1 - CLEAR
17946479,1 - CLEAR
17948944,1 - CLEAR
18010961,1 - CLEAR
17953581,1 - CLEAR
17953587,1 - CLEAR
17953901,1 - CLEAR
17953903,1 - CLEAR
17953913,1 - CLEAR
17953914,1 - CLEAR
17953915,1 - CLEAR
17954038,1 - CLEAR
17951716,1 - CLEAR
17954051,1 - CLEAR
17954124,1 - CLEAR
18014551,1 - CLEAR
17955165,1 - CLEAR
17956115,1 - CLEAR
17958516,1 - CLEAR
17959250,1 - CLEAR
17959254,1 - CLEAR
17959257,1 - CLEAR
17959895,1 - CLEAR
17959922,1 - CLEAR
17959924,1 - CLEAR
17963583,1 - CLEAR
17963593,1 - CLEAR
17964110,1 - CLEAR
17964123,98 - OTHER (EXPLAIN IN NARRATIVE)
17964133,1 - CLEAR
17964134,1 - CLEAR
17964135,2 - CLOUDY
17964572,1 - CLEAR
17964577,1 - CLEAR
17964581,1 - CLEAR
18010964,1 - CLEAR
17965131,1 - CLEAR
17965133,1 - CLEAR
17965134,1 - CLEAR
17965154,1 - CLEAR
17975889,1 - CLEAR
17977349,1 - CLEAR
17966065,1 - CLEAR
17966646,1 - CLEAR
17971329,1 - CLEAR
17971331,1 - CLEAR
17966649,1 - CLEAR
17966650,1 - CLEAR
17966651,1 - CLEAR
17968134,1 - CLEAR
17968138,1 - CLEAR
17968139,1 - CLEAR
17968141,1 - CLEAR
17968142,1 - CLEAR
17969621,1 - CLEAR
17975894,1 - CLEAR
17969622,1 - CLEAR
17975895,1 - CLEAR
17986864,1 - CLEAR
17971396,2 - CLOUDY
17976212,1 - CLEAR
17976222,1 - CLEAR
17986408,1 - CLEAR
17986409,1 - CLEAR
17976223,1 - CLEAR
17976605,1 - CLEAR
17977352,1 - CLEAR
17976620,1 - CLEAR
17976662,2 - CLOUDY
17976668,1 - CLEAR
17976671,2 - CLOUDY
17977371,2 - CLOUDY
17977373,1 - CLEAR
17979621,1 - CLEAR
17976682,1 - CLEAR
17977407,1 - CLEAR
18010971,1 - CLEAR
18032952,1 - CLEAR
17992973,1 - CLEAR
17986823,1 - CLEAR
17987160,1 - CLEAR
18014013,1 - CLEAR
18014014,1 - CLEAR
17987172,1 - CLEAR
17987181,1 - CLEAR
17987463,1 - CLEAR
18012438,99 - UNKNOWN
17981972,2 - CLOUDY
17987464,2 - CLOUDY
17987467,1 - CLEAR
17987487,3 - RAIN
17987566,1 - CLEAR
17987568,2 - CLOUDY
17987576,1 - CLEAR
17987691,2 - CLOUDY
17987694,3 - RAIN
17987696,3 - RAIN
17987698,1 - CLEAR
17998057,1 - CLEAR
17988861,1 - CLEAR
17988880,1 - CLEAR
17990074,1 - CLEAR
17992016,1 - CLEAR
17990077,1 - CLEAR
17990533,2 - CLOUDY
17991615,1 - CLEAR
17992053,1 - CLEAR
17992054,1 - CLEAR
17992116,1 - CLEAR
17992117,1 - CLEAR
17993914,1 - CLEAR
18004596,1 - CLEAR
17994212,1 - CLEAR
17998155,1 - CLEAR
17998157,1 - CLEAR
17998158,1 - CLEAR
17998159,1 - CLEAR
18004598,1 - CLEAR
18004599,1 - CLEAR
18012873,1 - CLEAR
17998171,1 - CLEAR
17998225,1 - CLEAR
17998226,2 - CLOUDY
18004806,1 - CLEAR
17998291,1 - CLEAR
17998296,1 - CLEAR
17998338,1 - CLEAR
17998340,1 - CLEAR
17998345,1 - CLEAR
17998346,1 - CLEAR
18001966,1 - CLEAR
17998358,1 - CLEAR
17999865,1 - CLEAR
18001988,1 - CLEAR
18021275,1 - CLEAR
18004602,1 - CLEAR
18004819,1 - CLEAR
18004821,1 - CLEAR
18021278,1 - CLEAR
18011048,1 - CLEAR
18031608,1 - CLEAR
18011055,1 - CLEAR
18011056,1 - CLEAR
18011057,1 - CLEAR
18011060,2 - CLOUDY
18011127,1 - CLEAR
18011129,1 - CLEAR
18011131,1 - CLEAR
18011135,1 - CLEAR
18031610,1 - CLEAR
18082469,1 - CLEAR
18011169,1 - CLEAR
18011171,1 - CLEAR
18011180,2 - CLOUDY
18011182,1 - CLEAR
18011187,1 - CLEAR
18011194,2 - CLOUDY
18042109,1 - CLEAR
18012462,1 - CLEAR
18014028,1 - CLEAR
18014067,1 - CLEAR
18021282,1 - CLEAR
18021425,1 - CLEAR
18021202,1 - CLEAR
18021429,1 - CLEAR
18021777,1 - CLEAR
18021778,1 - CLEAR
18022686,1 - CLEAR
18019728,1 - CLEAR
18021784,1 - CLEAR
18021849,1 - CLEAR
18021851,3 - RAIN
18021860,3 - RAIN
18021863,1 - CLEAR
18021866,3 - RAIN
18031931,2 - CLOUDY
18033815,1 - CLEAR
18021915,3 - RAIN
18021918,1 - CLEAR
18021992,2 - CLOUDY
18021995,1 - CLEAR
18022295,1 - CLEAR
18031933,3 - RAIN
18064618,1 - CLEAR
18022012,1 - CLEAR
18023801,1 - CLEAR
18031937,2 - CLOUDY
18022088,1 - CLEAR
18022090,1 - CLEAR
18022091,1 - CLEAR
18023811,1 - CLEAR
18031938,99 - UNKNOWN
18054645,1 - CLEAR
18025675,2 - CLOUDY
18045552,1 - CLEAR
18031966,1 - CLEAR
18032226,1 - CLEAR
18032232,1 - CLEAR
18032233,1 - CLEAR
18049979,1 - CLEAR
18032489,2 - CLOUDY
18032519,1 - CLEAR
18032711,1 - CLEAR
18032715,1 - CLEAR
18032716,1 - CLEAR
18032731,1 - CLEAR
18032732,1 - CLEAR
18032733,1 - CLEAR
18032735,1 - CLEAR
18049980,1 - CLEAR
18033076,1 - CLEAR
18033077,1 - CLEAR
18033078,1 - CLEAR
18033097,1 - CLEAR
18033105,1 - CLEAR
18033107,1 - CLEAR
18033114,1 - CLEAR
18033211,1 - CLEAR
18033221,1 - CLEAR
18033222,1 - CLEAR
18033223,1 - CLEAR
18033227,1 - CLEAR
18045331,1 - CLEAR
18066507,1 - CLEAR
18033228,1 - CLEAR
18033847,2 - CLOUDY
18037787,3 - RAIN
18042929,1 - CLEAR
18056348,2 - CLOUDY
